00003e2837c7b728,oid_train_notebook00001.jpg
000060e3121c7305,oid_train_laptop00001.jpg
0000615b5a80f660,oid_train_mug00001.jpg
00007902a7b96e8c,oid_train_notebook00002.jpg
0000a90019e380dc,oid_train_laptop00002.jpg
0000b86e2fd18333,oid_train_mug00002.jpg
0001f65de725a864,oid_train_mug00003.jpg
00022a6311159428,oid_train_laptop00003.jpg
0002ab17a812c0d6,oid_train_laptop00004.jpg
0002af997ecdfcf4,oid_train_laptop00005.jpg
0002f921515d14e8,oid_train_mug00004.jpg
00030b70a3abfcea,oid_train_mug00005.jpg
00030b8c7652041d,oid_train_notebook00003.jpg
000335f65ee227cf,oid_train_lamp00001.jpg
00036ea2b476f860,oid_train_notebook00004.jpg
000396ae942e8778,oid_train_laptop00006.jpg
0004238e4b8d0d33,oid_train_notebook00005.jpg
00046553cda0c8d7,oid_train_notebook00006.jpg
00046bdb3022f7aa,oid_train_lamp00002.jpg
00048edce2a37368,oid_train_laptop00007.jpg
0004d0fa04223278,oid_train_notebook00007.jpg
0005ac0f6ac2cf17,oid_train_notebook00008.jpg
0005cd38d94e5262,oid_train_notebook00009.jpg
0005d2c43b82a3dc,oid_train_laptop00008.jpg
00068a9d975dcc8a,oid_train_notebook00010.jpg
000705beb2c713fd,oid_train_lamp00003.jpg
000749422e6e4b04,oid_train_notebook00011.jpg
00074ae73610a804,oid_train_lamp00004.jpg
00075dcb146266ff,oid_train_mug00006.jpg
000776501b89bf47,oid_train_laptop00009.jpg
0007b17e8626fa1a,oid_train_notebook00012.jpg
0007b54189a67423,oid_train_notebook00013.jpg
0007e94c79e5c96a,oid_train_laptop00010.jpg
000837621efdbfce,oid_train_mug00007.jpg
0008a4064cc9c1dd,oid_train_laptop00011.jpg
0008a8698d93acfa,oid_train_laptop00012.jpg
0008c0909fb45c79,oid_train_laptop00013.jpg
0008c55ba81d387e,oid_train_mug00008.jpg
0008e0ae64dd9003,oid_train_notebook00014.jpg
0008f8043a36a499,oid_train_lamp00005.jpg
000955c23be5bb09,oid_train_lamp00006.jpg
0009b944c93c0905,oid_train_notebook00015.jpg
0009c8a15ff55592,oid_train_laptop00014.jpg
0009debd0e9d1fca,oid_train_laptop00015.jpg
0009e54760e08784,oid_train_pen00001.jpg
000a2351195c83ac,oid_train_notebook00016.jpg
000a533ef1b9cacf,oid_train_notebook00017.jpg
000ac34008b0ba4c,oid_train_lamp00007.jpg
000b9814a07fd974,oid_train_lamp00008.jpg
000b9d6c0f7d794d,oid_train_notebook00018.jpg
000ba64bb7d9c7be,oid_train_notebook00019.jpg
000bc33717a6371f,oid_train_lamp00009.jpg
000bd9e17abe48ae,oid_train_lamp00010.jpg
000c0535f058da77,oid_train_laptop00016.jpg
000c5c560d8e6c0d,oid_train_notebook00020.jpg
000c6b73df3277e0,oid_train_lamp00011.jpg
000c9121b17ee0ff,oid_train_laptop00017.jpg
000ca48aca87f327,oid_train_notebook00021.jpg
000cc8e52d31300b,oid_train_laptop00018.jpg
000cd862a3c97051,oid_train_laptop00019.jpg
000d8d43d6a775c1,oid_train_lamp00012.jpg
000da932ca7e68e4,oid_train_lamp00013.jpg
000df6536989f2a7,oid_train_notebook00022.jpg
000e1dd786c8e433,oid_train_laptop00020.jpg
000e3e4f5c6c454d,oid_train_laptop00021.jpg
000e6b1696f62692,oid_train_mug00009.jpg
000eab785286d456,oid_train_laptop00022.jpg
000fc60c70354ccb,oid_train_notebook00023.jpg
000fcbfa875b9eb2,oid_train_pen00002.jpg
001037163b0f89d9,oid_train_notebook00024.jpg
00103cd22a757365,oid_train_laptop00023.jpg
0010604f24489639,oid_train_notebook00025.jpg
00106a172812b3b0,oid_train_laptop00024.jpg
00107c014500a8cb,oid_train_laptop00025.jpg
0010c04f6b0766c1,oid_train_notebook00026.jpg
00112c426578e854,oid_train_laptop00026.jpg
001175874b0c5f93,oid_train_lamp00014.jpg
00118eeac8c3325b,oid_train_pen00003.jpg
0011e949e5712f18,oid_train_notebook00027.jpg
00128b973d107cd9,oid_train_lamp00015.jpg
0012c9e5bf3d17b9,oid_train_notebook00028.jpg
00134148c2ab3db5,oid_train_laptop00027.jpg
0013ea115f7aed08,oid_train_notebook00029.jpg
00141ce359cbccfe,oid_train_laptop00028.jpg
00142c1eae86d791,oid_train_laptop00029.jpg
0014914cab9aacdf,oid_train_notebook00030.jpg
00150c19e2fd26a9,oid_train_notebook00031.jpg
0015c6105c9e7a3a,oid_train_laptop00030.jpg
001661e37fc5c61b,oid_train_notebook00032.jpg
0016730ee38621fd,oid_train_laptop00031.jpg
0016b72aafd3e6e7,oid_train_lamp00016.jpg
0017a7c9a3027127,oid_train_notebook00033.jpg
0017e52a03b77263,oid_train_lamp00017.jpg
0017eb0c38ce3b3b,oid_train_mug00010.jpg
0018231d760565f1,oid_train_notebook00034.jpg
00185eed7ee580c2,oid_train_laptop00032.jpg
001867288a417465,oid_train_pen00004.jpg
001940ecf2a6f9eb,oid_train_notebook00035.jpg
00198d72084445c2,oid_train_ruler00001.jpg
001a064f84f98c59,oid_train_laptop00033.jpg
001a5f47e53e2f1b,oid_train_lamp00018.jpg
001b30ed0186b87e,oid_train_notebook00036.jpg
001b963bc073ef19,oid_train_laptop00034.jpg
001c2c5f2cbfca89,oid_train_laptop00035.jpg
001c9b47bb653217,oid_train_notebook00037.jpg
001cbac16170c860,oid_train_lamp00019.jpg
001cdc0f9ee21252,oid_train_lamp00020.jpg
001db64c9594f669,oid_train_laptop00036.jpg
001e0f170db4afec,oid_train_lamp00021.jpg
001e5ad725a4c7c3,oid_train_notebook00038.jpg
001f1b414b2c5df6,oid_train_mug00011.jpg
001fb08c97bbdf6b,oid_train_notebook00039.jpg
001fc22eb4b72fdc,oid_train_notebook00040.jpg
00207bc1662850a7,oid_train_laptop00037.jpg
0020a413d8a59902,oid_train_laptop00038.jpg
002126c7fc21e0bd,oid_train_lamp00022.jpg
0021d61e016ba1bc,oid_train_lamp00023.jpg
0022a377c2eb43f4,oid_train_notebook00041.jpg
002309c5bb03a843,oid_train_lamp00024.jpg
002381ccbf42311e,oid_train_laptop00039.jpg
0023d59d6c42b031,oid_train_laptop00040.jpg
0023e1c8732353cd,oid_train_lamp00025.jpg
00242c724865d767,oid_train_notebook00042.jpg
0024fa3de4b73293,oid_train_mug00012.jpg
00255d73a1c97c53,oid_train_notebook00043.jpg
00256e1d7257a7a7,oid_train_laptop00041.jpg
002646e30c3939ed,oid_train_lamp00026.jpg
0026f46000c19b0a,oid_train_notebook00044.jpg
002730ebd4e115d1,oid_train_laptop00042.jpg
002764634fe399f0,oid_train_laptop00043.jpg
0027717ee5abd636,oid_train_notebook00045.jpg
0027826cd655b7c6,oid_train_lamp00027.jpg
0027ac75d3767291,oid_train_laptop00044.jpg
0027ea2ab5c65444,oid_train_lamp00028.jpg
00286e5e1663aba9,oid_train_notebook00046.jpg
0028cac8669a9712,oid_train_lamp00029.jpg
002925a957649d69,oid_train_scissors00001.jpg
0029a42a44e0868c,oid_train_laptop00045.jpg
002a604d484c81f7,oid_train_laptop00046.jpg
002a7f5f38b19e2f,oid_train_laptop00047.jpg
002acb2b40914c80,oid_train_laptop00048.jpg
002b14ed6cafe347,oid_train_laptop00049.jpg
002b3b1e21a24ef5,oid_train_laptop00050.jpg
002b526d760fcd22,oid_train_laptop00051.jpg
002b7b3e25072636,oid_train_laptop00052.jpg
002c05a9d1b74604,oid_train_laptop00053.jpg
002cf081eb3d469c,oid_train_lamp00030.jpg
002dc21233e5dbec,oid_train_pen00005.jpg
002e09fe056ff0a9,oid_train_laptop00054.jpg
002fc7d1b1c3c0e7,oid_train_notebook00047.jpg
003015514eb37e53,oid_train_laptop00055.jpg
00302b4a7f7c4691,oid_train_notebook00048.jpg
00302c333abd9759,oid_train_laptop00056.jpg
003060f3cf67c897,oid_train_mug00013.jpg
003084a19c441534,oid_train_ruler00002.jpg
00309d8ea1b5d553,oid_train_notebook00049.jpg
0030bcda714df076,oid_train_lamp00031.jpg
0030f3488b406294,oid_train_lamp00032.jpg
0031343a2cb73c9b,oid_train_lamp00033.jpg
00314d3fc30adb83,oid_train_notebook00050.jpg
003175b9ce4aa89d,oid_train_laptop00057.jpg
003185aacd1c0be9,oid_train_laptop00058.jpg
00323826cfcdf466,oid_train_lamp00034.jpg
00329cdacdd3e61e,oid_train_laptop00059.jpg
0032ad787d9167dd,oid_train_lamp00035.jpg
0032c713ba623a2a,oid_train_laptop00060.jpg
003334500cdd78c1,oid_train_laptop00061.jpg
0033495fd6a2e654,oid_train_laptop00062.jpg
003407c685f4c665,oid_train_notebook00051.jpg
00341fe5ca30b027,oid_train_notebook00052.jpg
00342bcd08105204,oid_train_notebook00053.jpg
003475194b4ecb9b,oid_train_laptop00063.jpg
0034b231e3a98ec1,oid_train_laptop00064.jpg
0034f52bcd0a54be,oid_train_ruler00003.jpg
00355394ff6ba2cd,oid_train_scissors00002.jpg
00356c8b5cc81ea5,oid_train_notebook00054.jpg
00363f7f62eb7db7,oid_train_laptop00065.jpg
003646a231a39518,oid_train_laptop00066.jpg
0036676fa7ce3bd0,oid_train_lamp00036.jpg
00377f13a666eab6,oid_train_laptop00067.jpg
00381fffa680d9fc,oid_train_laptop00068.jpg
003861c15d191858,oid_train_notebook00055.jpg
003882e70f91f51b,oid_train_notebook00056.jpg
0038a59ed1cca682,oid_train_notebook00057.jpg
00394384b096b748,oid_train_laptop00069.jpg
003955e1419a0bba,oid_train_notebook00058.jpg
003a51484fdfe6ec,oid_train_laptop00070.jpg
003a5a5793a085d3,oid_train_laptop00071.jpg
003a9640bb92c0c9,oid_train_mug00014.jpg
003b96537d3fa059,oid_train_notebook00059.jpg
003ba4d4afe5fd0a,oid_train_notebook00060.jpg
003bed7fa4de9fd9,oid_train_lamp00037.jpg
003c09afbab60d11,oid_train_mug00015.jpg
003cabf44cf6119f,oid_train_laptop00072.jpg
003d26a524e34751,oid_train_notebook00061.jpg
003d4525affa75d3,oid_train_lamp00038.jpg
003dbd06f3a4fb2a,oid_train_lamp00039.jpg
003df9e04b7ba316,oid_train_laptop00073.jpg
003e3ac8d71f5870,oid_train_pen00006.jpg
003e500c961b1344,oid_train_laptop00074.jpg
003e6f056cbec8ea,oid_train_mug00016.jpg
003e7378c5d68691,oid_train_lamp00040.jpg
003ef4b48082cec9,oid_train_notebook00062.jpg
003f5f4ed61c7528,oid_train_lamp00041.jpg
003f77cad7bff90c,oid_train_lamp00042.jpg
003fe4aa027b2bb3,oid_train_lamp00043.jpg
00401f8fcf8e24d8,oid_train_laptop00075.jpg
00409ed048b5c44e,oid_train_laptop00076.jpg
0040a7bee9e9acf0,oid_train_notebook00063.jpg
0040f82025f05b6c,oid_train_notebook00064.jpg
0041040c76220183,oid_train_notebook00065.jpg
00413deed3eaf922,oid_train_notebook00066.jpg
0041638e183368dc,oid_train_laptop00077.jpg
0041864a51775c8e,oid_train_lamp00044.jpg
0041e363cece6c32,oid_train_lamp00045.jpg
0042039984821aa0,oid_train_notebook00067.jpg
004325bcd624246c,oid_train_notebook00068.jpg
00439094da8e309e,oid_train_laptop00078.jpg
004390e710d96edb,oid_train_notebook00069.jpg
0043ee667cb084a7,oid_train_notebook00070.jpg
00454dbc0c813162,oid_train_lamp00046.jpg
0045de272925335b,oid_train_mug00017.jpg
0046fdc86addea94,oid_train_laptop00079.jpg
0047fb2e2908c12d,oid_train_laptop00080.jpg
004829b39a65de73,oid_train_laptop00081.jpg
004907203d47e92d,oid_train_laptop00082.jpg
00495759b6bb49c3,oid_train_laptop00083.jpg
004964594c008f57,oid_train_lamp00047.jpg
0049f1eeeae7e0de,oid_train_notebook00071.jpg
004a9f79edfeb4e5,oid_train_mug00018.jpg
004ac779f9e48b13,oid_train_laptop00084.jpg
004b74eb7fd778df,oid_train_lamp00048.jpg
004c0c8daa5eebda,oid_train_notebook00072.jpg
004c9df9bb7fd994,oid_train_notebook00073.jpg
004d1abb5d1fd741,oid_train_laptop00085.jpg
004d395fc5fc3917,oid_train_pen00007.jpg
004d6078a7dc59e1,oid_train_laptop00086.jpg
004d73db0ae8e467,oid_train_lamp00049.jpg
004dad06a0d47820,oid_train_laptop00087.jpg
004e5b1e27ae550e,oid_train_notebook00074.jpg
004efba2532e4fa8,oid_train_pen00008.jpg
004efc497675220b,oid_train_lamp00050.jpg
004efdba7cc7f42b,oid_train_lamp00051.jpg
00508897db37a372,oid_train_laptop00088.jpg
0051a014205dd1f6,oid_train_notebook00075.jpg
0051a9141ed6c030,oid_train_notebook00076.jpg
00559912ca488a55,oid_train_pen00009.jpg
00560c3045b4f1d5,oid_train_notebook00077.jpg
0057375432ee179a,oid_train_laptop00089.jpg
0057a7bfc4dc8dfd,oid_train_laptop00090.jpg
0058083847c4e459,oid_train_lamp00052.jpg
00582a2c41808125,oid_train_laptop00091.jpg
0058e1c18d918941,oid_train_notebook00078.jpg
005980cfb1748efd,oid_train_laptop00092.jpg
005a14a2ed23382c,oid_train_lamp00053.jpg
005b5a0dc34354c9,oid_train_notebook00079.jpg
005b6e54bee055d4,oid_train_mug00019.jpg
005ba271838005be,oid_train_laptop00093.jpg
005bb5468d32a962,oid_train_notebook00080.jpg
005bcaddfd528cfc,oid_train_notebook00081.jpg
005cc1a30d8029f9,oid_train_laptop00094.jpg
005cca364c5f3ca4,oid_train_laptop00095.jpg
005cec8833088afb,oid_train_notebook00082.jpg
005f75c020e1b2ed,oid_train_laptop00096.jpg
00600932516c2183,oid_train_lamp00054.jpg
006027ad924c0d01,oid_train_notebook00083.jpg
00612c7f0a2e326c,oid_train_laptop00097.jpg
00612f69827ee2c2,oid_train_lamp00055.jpg
00613c113f75a36b,oid_train_laptop00098.jpg
00617e097baf068b,oid_train_notebook00084.jpg
0061cb1596ac0295,oid_train_laptop00099.jpg
0061fa34b3a42e21,oid_train_laptop00100.jpg
006202484e93baa1,oid_train_laptop00101.jpg
00620ae31d5cf6ee,oid_train_notebook00085.jpg
006251558fc3c511,oid_train_laptop00102.jpg
006268d1d696374d,oid_train_lamp00056.jpg
006288e44381e6d0,oid_train_notebook00086.jpg
0062e313fc787061,oid_train_laptop00103.jpg
0063966a0f0f2090,oid_train_notebook00087.jpg
006456c14a7e96e0,oid_train_lamp00057.jpg
00645c084a9bcef3,oid_train_laptop00104.jpg
0064b8c9ff624b88,oid_train_laptop00105.jpg
0065339df3b3db6f,oid_train_laptop00106.jpg
006574c2e84b450a,oid_train_laptop00107.jpg
00665139dd67ee4d,oid_train_lamp00058.jpg
006711df773faca0,oid_train_notebook00088.jpg
006715aea07022ee,oid_train_laptop00108.jpg
00672781f5b86966,oid_train_notebook00089.jpg
006807670831da4d,oid_train_notebook00090.jpg
006851c42e7b6b7d,oid_train_laptop00109.jpg
00695eaab863ef72,oid_train_notebook00091.jpg
0069b18fe8c4f686,oid_train_laptop00110.jpg
006a1bb8403536e4,oid_train_laptop00111.jpg
006afe56d09e8a25,oid_train_pen00010.jpg
006b0c78abcdcb2c,oid_train_notebook00092.jpg
006b4f034b6ce752,oid_train_mug00020.jpg
006bbb9ceeb35a25,oid_train_laptop00112.jpg
006d36dadc702c3f,oid_train_pen00011.jpg
006d395254600988,oid_train_lamp00059.jpg
006d6be4bc30c7d6,oid_train_notebook00093.jpg
006d748ce853c100,oid_train_notebook00094.jpg
006dc4ffd07a2a43,oid_train_laptop00113.jpg
006ee549d9e6b683,oid_train_pen00012.jpg
006f01cf218054be,oid_train_lamp00060.jpg
006f38e1fb103faf,oid_train_lamp00061.jpg
006f4cd9e0726d3a,oid_train_notebook00095.jpg
006f54d7f26f58a2,oid_train_notebook00096.jpg
006fa57304d56919,oid_train_laptop00114.jpg
006fb71bc42db8d3,oid_train_notebook00097.jpg
00703d37145300bc,oid_train_laptop00115.jpg
00710a1936574ff7,oid_train_laptop00116.jpg
0071618ea4f5e33d,oid_train_notebook00098.jpg
007257a1717edac7,oid_train_lamp00062.jpg
0074210b77fd393d,oid_train_notebook00099.jpg
00755e91bd50fe54,oid_train_pen00013.jpg
0075ba55bbacfe2c,oid_train_pen00014.jpg
0075f9c2f536432f,oid_train_laptop00117.jpg
00761da5133a6839,oid_train_laptop00118.jpg
00764dfa5ceb7653,oid_train_notebook00100.jpg
00767bbd3983fc5b,oid_train_notebook00101.jpg
00767fb6565581c6,oid_train_laptop00119.jpg
007815e86299ddf2,oid_train_notebook00102.jpg
00789d54da0a880d,oid_train_pen00015.jpg
0078bf6d54a54e9b,oid_train_laptop00120.jpg
007913e79f64039c,oid_train_laptop00121.jpg
00792a87df710ae9,oid_train_lamp00063.jpg
007a533cc27fe5a5,oid_train_notebook00103.jpg
007a74030db075a4,oid_train_laptop00122.jpg
007add2eef341184,oid_train_laptop00123.jpg
007af1656313d9ec,oid_train_laptop00124.jpg
007b77fbf7c6c7c2,oid_train_laptop00125.jpg
007c9b740b26668f,oid_train_notebook00104.jpg
007db32023951c75,oid_train_notebook00105.jpg
007dd0572fef98c7,oid_train_notebook00106.jpg
007e75e30b75502f,oid_train_notebook00107.jpg
007e88317faa3dce,oid_train_laptop00126.jpg
007f51d27ba46d8f,oid_train_laptop00127.jpg
007f51fd92c14610,oid_train_notebook00108.jpg
007fc1899dd543eb,oid_train_lamp00064.jpg
007ff4e15bccb964,oid_train_notebook00109.jpg
00802057aa93bcae,oid_train_mug00021.jpg
0081ecbd207fd276,oid_train_lamp00065.jpg
0081fcb5bcd98656,oid_train_notebook00110.jpg
008230603abe6ff1,oid_train_laptop00128.jpg
0082d0376d89dc79,oid_train_notebook00111.jpg
0083518b03ff64fd,oid_train_notebook00112.jpg
008353e8e91cd62d,oid_train_lamp00066.jpg
0085364b2034b946,oid_train_pen00016.jpg
00858e4c1149caaf,oid_train_laptop00129.jpg
008622feebd14de7,oid_train_laptop00130.jpg
0086c62d24fc6827,oid_train_notebook00113.jpg
0086db034e0ec2a8,oid_train_laptop00131.jpg
00888cdf635f13a9,oid_train_laptop00132.jpg
00896f32ba923ded,oid_train_mug00022.jpg
0089af4458d900a9,oid_train_notebook00114.jpg
0089b0863da21af6,oid_train_notebook00115.jpg
008a1a90b7e4686b,oid_train_lamp00067.jpg
008aa61e243bda4c,oid_train_notebook00116.jpg
008b23ca2d546a1d,oid_train_lamp00068.jpg
008b3c3e426aca3e,oid_train_laptop00133.jpg
008b3e68a23df693,oid_train_laptop00134.jpg
008b7daf18c2bd65,oid_train_laptop00135.jpg
008bb6d90ae39d29,oid_train_laptop00136.jpg
008cc7a1536896df,oid_train_pen00017.jpg
008d2df16333dbe2,oid_train_notebook00117.jpg
008dceafdc01a130,oid_train_lamp00069.jpg
008f75075420684f,oid_train_laptop00137.jpg
00912a6388c17c1e,oid_train_laptop00138.jpg
009170c07619f036,oid_train_laptop00139.jpg
0091b51e01c09b88,oid_train_lamp00070.jpg
0091effcc06f827b,oid_train_notebook00118.jpg
00924ce52b133da8,oid_train_notebook00119.jpg
0092ad9f18558bbc,oid_train_notebook00120.jpg
00938ec777a6c57c,oid_train_laptop00140.jpg
0093ebae4fb8b5cf,oid_train_notebook00121.jpg
009497cf35eb9d13,oid_train_mug00023.jpg
00953a3900fc8aa9,oid_train_calculator00001.jpg
0095e607bd63c035,oid_train_notebook00122.jpg
00978d87b74635a6,oid_train_laptop00141.jpg
0097afded04ea654,oid_train_notebook00123.jpg
0097e04252fc73cd,oid_train_notebook00124.jpg
0099ad09513db92c,oid_train_laptop00142.jpg
009b55501393de68,oid_train_notebook00125.jpg
009be6f37929b268,oid_train_lamp00071.jpg
009bf5ad19cd8f72,oid_train_mug00024.jpg
009bf86a88a0b349,oid_train_laptop00143.jpg
009c13cf8d9c8bf6,oid_train_laptop00144.jpg
009c327b30052731,oid_train_laptop00145.jpg
009cd0a65d4bae74,oid_train_lamp00072.jpg
009d196ba243fe80,oid_train_mug00025.jpg
009d5d9f5b31f715,oid_train_notebook00126.jpg
009d8db42f54a8d0,oid_train_laptop00146.jpg
009fe379015d01ee,oid_train_notebook00127.jpg
009fea2854d1bd3f,oid_train_pen00018.jpg
009febcbe86692ac,oid_train_notebook00128.jpg
00a0716827e4e9d5,oid_train_laptop00147.jpg
00a09ecdb91450d6,oid_train_notebook00129.jpg
00a1d4cc70058bc7,oid_train_mug00026.jpg
00a2fb1fb083da68,oid_train_laptop00148.jpg
00a5b135f1c45885,oid_train_lamp00073.jpg
00a5c775e9650f68,oid_train_mug00027.jpg
00a61790a271eaf9,oid_train_notebook00130.jpg
00a6a88e60ac8559,oid_train_laptop00149.jpg
00a75d8b3f45f502,oid_train_laptop00150.jpg
00a76c83fc62f17e,oid_train_laptop00151.jpg
00aa0f033ff1df28,oid_train_mug00028.jpg
00ab05abc43e24ce,oid_train_mug00029.jpg
00ab3c794df6365b,oid_train_laptop00152.jpg
00abc5672244239d,oid_train_notebook00131.jpg
00abe29563b022ba,oid_train_laptop00153.jpg
00ad1042ec6f2d17,oid_train_lamp00074.jpg
00ae1af0f69f962d,oid_train_laptop00154.jpg
00ae4925aa2e84d3,oid_train_pen00019.jpg
00ae54214da9fcfe,oid_train_laptop00155.jpg
00ae8e7b9e9db610,oid_train_mug00030.jpg
00af0d9097daae91,oid_train_notebook00132.jpg
00af4188ffa00525,oid_train_pen00020.jpg
00b0b3d8c34f028b,oid_train_laptop00156.jpg
00b1a3014b6d62a1,oid_train_laptop00157.jpg
00b240e7bcc6f674,oid_train_notebook00133.jpg
00b2e7856beb2d85,oid_train_laptop00158.jpg
00b3ca4fe59ae59a,oid_train_laptop00159.jpg
00b57c376dd3228f,oid_train_mug00031.jpg
00b58ac3f52c0412,oid_train_mug00032.jpg
00b5b4e1fb904fdd,oid_train_notebook00134.jpg
00b5e79a3f85b43b,oid_train_notebook00135.jpg
00b7f4091bf99b57,oid_train_lamp00075.jpg
00ba3bcc5bfbf983,oid_train_laptop00160.jpg
00bb9858f95813ba,oid_train_notebook00136.jpg
00bd0294f54eece2,oid_train_notebook00137.jpg
00bd4e740e3ed402,oid_train_notebook00138.jpg
00bd5fe120df32e7,oid_train_laptop00161.jpg
00bdde019c2ff0c3,oid_train_laptop00162.jpg
00bdf4e4da9538a1,oid_train_laptop00163.jpg
00be189ddee94ecc,oid_train_calculator00002.jpg
00bea4f0057371f6,oid_train_notebook00139.jpg
00bf8208b18e7b2a,oid_train_laptop00164.jpg
00bf963b07887ede,oid_train_notebook00140.jpg
00c086d4ded41a1d,oid_train_mug00033.jpg
00c0d1b622b8827c,oid_train_mug00034.jpg
00c0f5800802def4,oid_train_mug00035.jpg
00c1bb3fd0f8c041,oid_train_lamp00076.jpg
00c2b4621e972951,oid_train_notebook00141.jpg
00c30b2071a57f35,oid_train_laptop00165.jpg
00c44ee7874867fa,oid_train_mug00036.jpg
00c4c2eb114f586e,oid_train_mug00037.jpg
00c5117858b6cb9c,oid_train_laptop00166.jpg
00c571ae426b402f,oid_train_laptop00167.jpg
00c70af06636411f,oid_train_pen00021.jpg
00c8152e27a63776,oid_train_notebook00142.jpg
00c84f42d6812299,oid_train_notebook00143.jpg
00cbb51289336430,oid_train_pen00022.jpg
00cd18c5aff4548b,oid_train_pen00023.jpg
00ce1b385b2dece5,oid_train_notebook00144.jpg
00ce2b0a7cc9ccf6,oid_train_laptop00168.jpg
00ce5b1c6bf73481,oid_train_laptop00169.jpg
00ce9c61a7017968,oid_train_notebook00145.jpg
00cfa99b250e5f05,oid_train_mug00038.jpg
00cff4e6e7e394d6,oid_train_laptop00170.jpg
00d097b9dc2d47e3,oid_train_notebook00146.jpg
00d0ba18e25320e5,oid_train_notebook00147.jpg
00d219b234e72fb9,oid_train_laptop00171.jpg
00d3b948fdacc0e1,oid_train_mug00039.jpg
00d419271e7f6568,oid_train_notebook00148.jpg
00d45be41689a471,oid_train_pen00024.jpg
00d480fe5f01a039,oid_train_calculator00003.jpg
00d553a197fa79a2,oid_train_lamp00077.jpg
00d654c86164081f,oid_train_notebook00149.jpg
00d7240d1d69ec2e,oid_train_laptop00172.jpg
00d85dd4355fce8a,oid_train_lamp00078.jpg
00d9a357b10f81d8,oid_train_lamp00079.jpg
00d9d08fc21858c3,oid_train_scissors00003.jpg
00da3e22fc2d6c89,oid_train_laptop00173.jpg
00da7446888bd477,oid_train_laptop00174.jpg
00dac2ec09eeb21a,oid_train_laptop00175.jpg
00dcb1776e8d6c2a,oid_train_notebook00150.jpg
00dd839f51473c5e,oid_train_notebook00151.jpg
00de1346869fc00f,oid_train_laptop00176.jpg
00e185183ae3002b,oid_train_laptop00177.jpg
00e1d01d0b14f85f,oid_train_lamp00080.jpg
00e1fa8ed73fec9e,oid_train_laptop00178.jpg
00e30c7985bfcbf1,oid_train_notebook00152.jpg
00e7f1a520cafb36,oid_train_laptop00179.jpg
00e9d0f34286c4ec,oid_train_laptop00180.jpg
00e9d7e4bcb98d26,oid_train_mug00040.jpg
00e9f4e0655a3d57,oid_train_lamp00081.jpg
00ea0267e19c63cd,oid_train_laptop00181.jpg
00eabe780464576f,oid_train_notebook00153.jpg
00eb193f9be4c4a7,oid_train_laptop00182.jpg
00eb2304a392f701,oid_train_laptop00183.jpg
00eb68df12431581,oid_train_lamp00082.jpg
00ec8fa225899817,oid_train_notebook00154.jpg
00ecf796380cda3b,oid_train_laptop00184.jpg
00ee9cc909a4fb1e,oid_train_laptop00185.jpg
00ef499aa1f25b63,oid_train_mug00041.jpg
00ef71f8bbd3c94e,oid_train_notebook00155.jpg
00ef7a8de38d6ac8,oid_train_notebook00156.jpg
00f05467e862ace1,oid_train_mug00042.jpg
00f1220b911e7711,oid_train_scissors00004.jpg
00f13c30c14f702c,oid_train_notebook00157.jpg
00f14f9fc47d3137,oid_train_notebook00158.jpg
00f186cc78e9d697,oid_train_laptop00186.jpg
00f1d68a6876faa1,oid_train_notebook00159.jpg
00f2511c5ec4ac57,oid_train_laptop00187.jpg
00f2846f76c4a6f1,oid_train_laptop00188.jpg
00f2af4541b25cba,oid_train_laptop00189.jpg
00f3150ad00889f7,oid_train_laptop00190.jpg
00f360945df4e732,oid_train_laptop00191.jpg
00f3b4707ac603d1,oid_train_mug00043.jpg
00f3f3943537bd0b,oid_train_laptop00192.jpg
00f4436d0f624d24,oid_train_laptop00193.jpg
00f445e73466c26a,oid_train_ruler00004.jpg
00f673b93e1af6a2,oid_train_notebook00160.jpg
00f6bad1423f4996,oid_train_laptop00194.jpg
00f72bd391184cef,oid_train_mug00044.jpg
00f7c0a12b2ce311,oid_train_notebook00161.jpg
00f7ecdaa0f46d0d,oid_train_laptop00195.jpg
00f8916a97a686b6,oid_train_mug00045.jpg
00f8a09bc36213ac,oid_train_laptop00196.jpg
00fada35c194f66a,oid_train_laptop00197.jpg
00fdbd53e8600b06,oid_train_laptop00198.jpg
00fdf42b979aacac,oid_train_laptop00199.jpg
00fe086931c4eb20,oid_train_lamp00083.jpg
00fede327abc6c18,oid_train_lamp00084.jpg
00ff540ba32780ce,oid_train_laptop00200.jpg
00ff73c9c823c9ba,oid_train_lamp00085.jpg
0103035faddce70f,oid_train_mug00046.jpg
0103a6aaf076e6ca,oid_train_notebook00162.jpg
0106265ed8dbcedc,oid_train_notebook00163.jpg
010647d38d8c44af,oid_train_notebook00164.jpg
0106876257b97440,oid_train_notebook00165.jpg
010756e6cd601f75,oid_train_notebook00166.jpg
0107a73f39b60a68,oid_train_mug00047.jpg
0107a8e2498a7d80,oid_train_lamp00086.jpg
0108df963eb66f55,oid_train_notebook00167.jpg
010fcd2445221150,oid_train_mug00048.jpg
011239d5798d3a34,oid_train_notebook00168.jpg
0112aef44403e7ee,oid_train_notebook00169.jpg
011329efd3d426c5,oid_train_mug00049.jpg
0113f00f4489f266,oid_train_notebook00170.jpg
0115ad2fae23ad7a,oid_train_notebook00171.jpg
011867b15446cfd5,oid_train_notebook00172.jpg
01188a97dd078264,oid_train_notebook00173.jpg
0119a4c169174a6f,oid_train_notebook00174.jpg
0119ce379b8268c0,oid_train_notebook00175.jpg
011c9d202362d7ed,oid_train_mug00050.jpg
011d99edbc3f2310,oid_train_ruler00005.jpg
011dbe671079b642,oid_train_notebook00176.jpg
011feb7bfcb9a07d,oid_train_lamp00087.jpg
012000c4cfcaa681,oid_train_notebook00177.jpg
012015de387dff5d,oid_train_notebook00178.jpg
01211dc47cad8fec,oid_train_notebook00179.jpg
01212043efa8e880,oid_train_notebook00180.jpg
0125735799e355cc,oid_train_notebook00181.jpg
012581f4e24bf7c8,oid_train_lamp00088.jpg
0126c5d904892d0d,oid_train_notebook00182.jpg
0129321b0295761d,oid_train_scissors00005.jpg
012a21ae28f7bf9f,oid_train_mug00051.jpg
012c101e4543382e,oid_train_notebook00183.jpg
012d4a3d794c9b56,oid_train_notebook00184.jpg
012d66fb92d29817,oid_train_notebook00185.jpg
012e2597695a1408,oid_train_mug00052.jpg
012f24a6b9b411cd,oid_train_notebook00186.jpg
0132e51f3e8d6d36,oid_train_notebook00187.jpg
0132e75cda887b4b,oid_train_notebook00188.jpg
0132f769e7f4759f,oid_train_notebook00189.jpg
013330b2b25f4c27,oid_train_notebook00190.jpg
013496d9615524cd,oid_train_mug00053.jpg
0134e0ce69fce5c3,oid_train_notebook00191.jpg
013547912a1c0427,oid_train_notebook00192.jpg
0138d61c0e0232fb,oid_train_mug00054.jpg
0139b76696ccae38,oid_train_notebook00193.jpg
013ed374cda9874f,oid_train_mug00055.jpg
0140d9a15c898811,oid_train_notebook00194.jpg
0140f2e67de0d865,oid_train_lamp00089.jpg
01432954993dfb92,oid_train_mug00056.jpg
0143daee3e36fb22,oid_train_notebook00195.jpg
01447c78c4f16cc4,oid_train_lamp00090.jpg
0146fa849c61c53e,oid_train_mug00057.jpg
0148bce271afb7ce,oid_train_lamp00091.jpg
0149360b8d263fb9,oid_train_notebook00196.jpg
0149503b615a7dc0,oid_train_ruler00006.jpg
014a6da2930eb89b,oid_train_notebook00197.jpg
014b1b9ba066ad84,oid_train_mug00058.jpg
014bb01a7351536e,oid_train_mug00059.jpg
014c08b60ae36aa5,oid_train_pen00025.jpg
014c36df99ba0b45,oid_train_pen00026.jpg
014e36dcc0355140,oid_train_notebook00198.jpg
014f61bbf83fb288,oid_train_notebook00199.jpg
014f85e8caf88994,oid_train_lamp00092.jpg
01513089c2e998ed,oid_train_lamp00093.jpg
0153cc02dc85085e,oid_train_notebook00200.jpg
0154fa7e562b3f92,oid_train_pen00027.jpg
015782fa093545e0,oid_train_calculator00004.jpg
015c2c7237182e90,oid_train_ruler00007.jpg
015c813d19448db9,oid_train_lamp00094.jpg
015debd57b1ab61e,oid_train_lamp00095.jpg
015e29c329e243cb,oid_train_pen00028.jpg
015ebc34f1fed437,oid_train_mug00060.jpg
0162b5a5fda1a5fe,oid_train_pen00029.jpg
0164c2189e45f633,oid_train_pen00030.jpg
0165e5fcb7e14316,oid_train_lamp00096.jpg
0166dbba21c145e4,oid_train_lamp00097.jpg
01680c2a956e4be2,oid_train_mug00061.jpg
016b7894fbd160c5,oid_train_pen00031.jpg
016bea546b6070fe,oid_train_lamp00098.jpg
016da5f9bdbfed5a,oid_train_pen00032.jpg
0171f8cade2e9f34,oid_train_pen00033.jpg
0172cbf81e1c8344,oid_train_lamp00099.jpg
0172d73d6f72df6a,oid_train_lamp00100.jpg
01777e782283242f,oid_train_lamp00101.jpg
017abefcf6b3c3fb,oid_train_pen00034.jpg
017b2035921f3bf2,oid_train_pen00035.jpg
017c18b10247ec52,oid_train_mug00062.jpg
017cbd2f026a36fc,oid_train_pen00036.jpg
017dcbef8614fa41,oid_train_lamp00102.jpg
017e18d8e9942fb4,oid_train_pen00037.jpg
018335937110f0b4,oid_train_calculator00005.jpg
018683926541f1fc,oid_train_lamp00103.jpg
0186deb2402a35a1,oid_train_lamp00104.jpg
018a6cd783c819b7,oid_train_pen00038.jpg
01942fe769bbad71,oid_train_mug00063.jpg
01a9e5eba0c0c814,oid_train_pen00039.jpg
01aa938604ac2d1e,oid_train_pen00040.jpg
01ad71d2bb4e8dab,oid_train_mug00064.jpg
01b3e632a50d8381,oid_train_lamp00105.jpg
01b524f6597f7cf9,oid_train_ruler00008.jpg
01b54fd9748c7d49,oid_train_pen00041.jpg
01ba995e4609ed7e,oid_train_lamp00106.jpg
01bb789d98b910a0,oid_train_pen00042.jpg
01bbc2405d03f004,oid_train_mug00065.jpg
01bc04947cb1df3b,oid_train_mug00066.jpg
01c0386da54c4cac,oid_train_lamp00107.jpg
01c62fc70cd804ba,oid_train_lamp00108.jpg
01c7409d3b38a517,oid_train_mug00067.jpg
01c7967ec302aa33,oid_train_pen00043.jpg
01c811561d11f1a6,oid_train_calculator00006.jpg
01c8498fd02f3c8d,oid_train_pen00044.jpg
01d4654f253d6d04,oid_train_pen00045.jpg
01d67a615b38de51,oid_train_lamp00109.jpg
01d8397c9c460482,oid_train_lamp00110.jpg
01d8fd1e9a6c4bd8,oid_train_lamp00111.jpg
01da505d74f53133,oid_train_mug00068.jpg
01da6e21f7d06568,oid_train_pen00046.jpg
01ddde4d33840277,oid_train_mug00069.jpg
01e2749874db7aa9,oid_train_lamp00112.jpg
01e5f80d97f0ef2e,oid_train_mug00070.jpg
01eb1fc53e1b4f23,oid_train_lamp00113.jpg
01ec86c7b31cbd73,oid_train_pen00047.jpg
01ecb1d79e882236,oid_train_pen00048.jpg
01f400f7e06ded7c,oid_train_scissors00006.jpg
01f69eac11db9e89,oid_train_mug00071.jpg
01f75c6d2399160a,oid_train_mug00072.jpg
01f8f36db23636a3,oid_train_mug00073.jpg
01fc51d81619679b,oid_train_lamp00114.jpg
01ff754c930e364a,oid_train_mug00074.jpg
02039517e63a91fb,oid_train_mug00075.jpg
0206759f8ba9f699,oid_train_lamp00115.jpg
020b4af90493497d,oid_train_mug00076.jpg
0211dd16c2edb79d,oid_train_ruler00009.jpg
0215c6163e9301f8,oid_train_lamp00116.jpg
0216153c24736514,oid_train_pen00049.jpg
0216c5e2f48860fc,oid_train_pen00050.jpg
0216dc82f7a11dfa,oid_train_lamp00117.jpg
021770d4a48f443f,oid_train_lamp00118.jpg
0217b37f7370630d,oid_train_pen00051.jpg
022080e4ade97180,oid_train_pen00052.jpg
0220ab040afff51d,oid_train_mug00077.jpg
0226a4c946361de6,oid_train_pen00053.jpg
02274483a90ba59f,oid_train_mug00078.jpg
023005cd3bb81d31,oid_train_scissors00007.jpg
023232c2030de30a,oid_train_scissors00008.jpg
02332556f3f14aa0,oid_train_mug00079.jpg
0242a72c9bde80ac,oid_train_calculator00007.jpg
0242e945315c942f,oid_train_lamp00119.jpg
02431f31d61b99ca,oid_train_mug00080.jpg
024813a4a0828f0f,oid_train_mug00081.jpg
0249ca0e212b9212,oid_train_pen00054.jpg
024c478eae78d487,oid_train_mug00082.jpg
024c4db507808fad,oid_train_mug00083.jpg
024d75f59ae061b4,oid_train_mug00084.jpg
024f9a6986aac87c,oid_train_lamp00120.jpg
024fca00487940cb,oid_train_lamp00121.jpg
0253f90e7ceff22a,oid_train_mug00085.jpg
0254c4d624141743,oid_train_mug00086.jpg
02553774dc3378ea,oid_train_scissors00009.jpg
0255551780e454c7,oid_train_mug00087.jpg
025848d98ae29525,oid_train_mug00088.jpg
025b003422e87033,oid_train_mug00089.jpg
025b349875511ef0,oid_train_pen00055.jpg
02600104c539abc6,oid_train_mug00090.jpg
0260bf189c8288f1,oid_train_mug00091.jpg
026722c6728dc411,oid_train_scissors00010.jpg
026d59089e787cc2,oid_train_lamp00122.jpg
0275de960c5ee4cc,oid_train_mug00092.jpg
027b3f940599135e,oid_train_lamp00123.jpg
027c957040606ac9,oid_train_lamp00124.jpg
0280299603478c39,oid_train_scissors00011.jpg
0282d4948723f25b,oid_train_pen00056.jpg
02851185eb7b6066,oid_train_scissors00012.jpg
02857b5cd00e9be7,oid_train_pen00057.jpg
02865454728a994d,oid_train_lamp00125.jpg
0287f0215690bfc2,oid_train_ruler00010.jpg
02888c3aaf23ded2,oid_train_mug00093.jpg
028c3acccb1ebed6,oid_train_mug00094.jpg
029065e111a6c77c,oid_train_mug00095.jpg
0293cf96563e5f23,oid_train_lamp00126.jpg
029cfb76341d3668,oid_train_mug00096.jpg
02a6d6044d6a7482,oid_train_mug00097.jpg
02aa0ad9af1487ae,oid_train_mug00098.jpg
02ad73eb9b89eaad,oid_train_mug00099.jpg
02b1b0ddeac1366d,oid_train_mug00100.jpg
02b51a3437093d87,oid_train_mug00101.jpg
02be1bbc1cbb5cfc,oid_train_lamp00127.jpg
02c6f3c803eadc66,oid_train_lamp00128.jpg
02c9350ff101cd37,oid_train_pen00058.jpg
02ce218553cc3f15,oid_train_calculator00008.jpg
02ce92009d3a46ed,oid_train_mug00102.jpg
02d6e6d82abf1051,oid_train_mug00103.jpg
02d71cd1cb9f57bc,oid_train_mug00104.jpg
02e1d67e78602c0e,oid_train_pen00059.jpg
02e21a9645c88ac9,oid_train_mug00105.jpg
02e663dc71d6bff3,oid_train_scissors00013.jpg
02e9666cf3e0a52c,oid_train_mug00106.jpg
02eebe0506a1cd57,oid_train_mug00107.jpg
02f0031a39bcbaa8,oid_train_mug00108.jpg
02f3bf2cb49959aa,oid_train_mug00109.jpg
02f603aa0bae7994,oid_train_lamp00129.jpg
030328db5bdc4dd6,oid_train_ruler00011.jpg
030c8bd7356c6605,oid_train_mug00110.jpg
0317e33a6fcacc14,oid_train_pen00060.jpg
031e00a90a97d7de,oid_train_mug00111.jpg
0321b67771c2f968,oid_train_pen00061.jpg
0322cde1bad5e4dd,oid_train_lamp00130.jpg
032f6bfa539ed529,oid_train_pen00062.jpg
03301f11268b9a3e,oid_train_lamp00131.jpg
033152a675a25eb3,oid_train_mug00112.jpg
03405dbce5e6f6fe,oid_train_lamp00132.jpg
03483ab149d0d64c,oid_train_pen00063.jpg
034877956de61759,oid_train_scissors00014.jpg
034c39d319c675ab,oid_train_lamp00133.jpg
034d5b012074c82b,oid_train_lamp00134.jpg
0350687ddf7f0866,oid_train_lamp00135.jpg
0351b82c883ebb39,oid_train_pen00064.jpg
0352a4129bc3f8c3,oid_train_ruler00012.jpg
0356810952457a37,oid_train_pen00065.jpg
03578766d9e7b703,oid_train_mug00113.jpg
0359decb8df78658,oid_train_mug00114.jpg
0366bc74129b4f8c,oid_train_calculator00009.jpg
036ecf304da67057,oid_train_lamp00136.jpg
037221643ac0e991,oid_train_pen00066.jpg
0374e54219e0affa,oid_train_scissors00015.jpg
03773075fe00e05b,oid_train_lamp00137.jpg
037928f436eb68b7,oid_train_pen00067.jpg
037abb12c91f5662,oid_train_mug00115.jpg
03834fe53189e700,oid_train_mug00116.jpg
0386e68934a96273,oid_train_lamp00138.jpg
038a30261098bcb4,oid_train_pen00068.jpg
038c5016adf204f1,oid_train_pen00069.jpg
0392156de20bb89c,oid_train_mug00117.jpg
03995f5a46da13cf,oid_train_pen00070.jpg
039bec2ca62ca07c,oid_train_pen00071.jpg
03b69ba26e680d7d,oid_train_mug00118.jpg
03be17051828e2a2,oid_train_pen00072.jpg
03bfe669257bba77,oid_train_lamp00139.jpg
03c09d8d40d68574,oid_train_mug00119.jpg
03c0fbd2d5d18131,oid_train_mug00120.jpg
03c167c389bcdb91,oid_train_pen00073.jpg
03c38ab45e569005,oid_train_scissors00016.jpg
03c58373ba4ab7ef,oid_train_lamp00140.jpg
03cebe498043c7bc,oid_train_mug00121.jpg
03d6458578b7a66d,oid_train_mug00122.jpg
03d7811e0b5e886d,oid_train_pen00074.jpg
03d93e87642daf75,oid_train_mug00123.jpg
03d9633a53f4df39,oid_train_scissors00017.jpg
03dd79e2b71d629b,oid_train_calculator00010.jpg
03dee3ad60e03742,oid_train_pen00075.jpg
03e02116803b7581,oid_train_ruler00013.jpg
03e2d463c289682c,oid_train_mug00124.jpg
03e7a11797de44ae,oid_train_scissors00018.jpg
03f0176b6b7d86d5,oid_train_mug00125.jpg
03f61c0a1ef57018,oid_train_ruler00014.jpg
03f9377adcd89d16,oid_train_pen00076.jpg
03fdce53775bd76a,oid_train_scissors00019.jpg
0412a90c2c8f331a,oid_train_mug00126.jpg
0416cf48ad71a9df,oid_train_mug00127.jpg
041b8abd5c189b9f,oid_train_lamp00141.jpg
043b18a22d067107,oid_train_mug00128.jpg
0444e2e1bd7b2bde,oid_train_mug00129.jpg
0445b4d76ac14531,oid_train_mug00130.jpg
04475dc085893c87,oid_train_mug00131.jpg
04549400e6257471,oid_train_mug00132.jpg
0457b70586089645,oid_train_mug00133.jpg
045819573b80e6e2,oid_train_mug00134.jpg
045b91a789b819e6,oid_train_mug00135.jpg
045d309347085944,oid_train_pen00077.jpg
04612218590af532,oid_train_lamp00142.jpg
0461221a172bb7ff,oid_train_mug00136.jpg
0468d693310d2565,oid_train_pen00078.jpg
04835c967834cb93,oid_train_mug00137.jpg
0485186acd3d57ed,oid_train_ruler00015.jpg
048648ba102cfe5a,oid_train_mug00138.jpg
04874e5a4bcbb15d,oid_train_pen00079.jpg
0487dcfb96ed1a88,oid_train_mug00139.jpg
048861579d49cdec,oid_train_mug00140.jpg
049066c0549e8403,oid_train_pen00080.jpg
0491eaba4cf4a9ea,oid_train_pen00081.jpg
049768e222539c66,oid_train_pen00082.jpg
04a732bdfdf585b7,oid_train_lamp00143.jpg
04a8cb1d359ff662,oid_train_lamp00144.jpg
04ad21b298cd58cf,oid_train_pen00083.jpg
04b4b17482bc0db5,oid_train_pen00084.jpg
04b701aefe9d12ee,oid_train_pen00085.jpg
04be776937d6dd75,oid_train_lamp00145.jpg
04c9af19bca10cf4,oid_train_mug00141.jpg
04d84a6a7dfbbbc5,oid_train_mug00142.jpg
04f0303e82b88004,oid_train_mug00143.jpg
04f515bd81ea6bed,oid_train_mug00144.jpg
04f5fedf892c10df,oid_train_lamp00146.jpg
04fda31a8b91f99b,oid_train_ruler00016.jpg
0502d1d8c0b83c77,oid_train_lamp00147.jpg
050fb2cd41469089,oid_train_lamp00148.jpg
0511569fdcf3773f,oid_train_mug00145.jpg
052016229c1776c3,oid_train_scissors00020.jpg
0525f4a4e818245b,oid_train_mug00146.jpg
052a546376a79031,oid_train_lamp00149.jpg
052e9fe1d5b57bcb,oid_train_mug00147.jpg
052f1bdd738758e2,oid_train_calculator00011.jpg
0537a1a43574d960,oid_train_pen00086.jpg
053be55d3df7e1ad,oid_train_mug00148.jpg
0548bf15c6d039e3,oid_train_lamp00150.jpg
054c95a053f00fe8,oid_train_lamp00151.jpg
0551dde94c28aa9e,oid_train_lamp00152.jpg
0558c67463bea05a,oid_train_mug00149.jpg
055e1fbda7771e72,oid_train_lamp00153.jpg
055fbac7c958364e,oid_train_mug00150.jpg
056be47b913a99b9,oid_train_mug00151.jpg
0572f197c99f0c9e,oid_train_pen00087.jpg
05769891e5560186,oid_train_mug00152.jpg
05778b9351e710ff,oid_train_mug00153.jpg
057faf18483749df,oid_train_mug00154.jpg
05813399afa37f53,oid_train_mug00155.jpg
059124d3abaccd15,oid_train_pen00088.jpg
05a0092b66c4f950,oid_train_lamp00154.jpg
05a8ae422a3f70c7,oid_train_lamp00155.jpg
05ae2286a8d52c2b,oid_train_scissors00021.jpg
05b6ff1c06657750,oid_train_mug00156.jpg
05bf9ff36ff5dce9,oid_train_mug00157.jpg
05c4e8a39ce31d93,oid_train_pen00089.jpg
05ca045eab545625,oid_train_mug00158.jpg
05cad7e0a038e402,oid_train_mug00159.jpg
05ce5a546653304a,oid_train_lamp00156.jpg
05d4fbe0316a67dd,oid_train_lamp00157.jpg
05d7868623c3601d,oid_train_mug00160.jpg
05d7a19d8d6ad54a,oid_train_ruler00017.jpg
05e8b3aa94da4169,oid_train_ruler00018.jpg
05f12e9221d37ee0,oid_train_lamp00158.jpg
05f48f3eeec049d1,oid_train_scissors00022.jpg
062001477cbc9d98,oid_train_pen00090.jpg
0627f486e5d50882,oid_train_lamp00159.jpg
06322d42fedfaf8b,oid_train_mug00161.jpg
06392a5b464ea30b,oid_train_pen00091.jpg
063df4c5ab87c81c,oid_train_mug00162.jpg
064111dc2dfdfdb6,oid_train_mug00163.jpg
064432db1975bebd,oid_train_lamp00160.jpg
0649cda62c2e03c2,oid_train_mug00164.jpg
064a68bc884efcdf,oid_train_lamp00161.jpg
064f5fef6fbd3320,oid_train_mug00165.jpg
06547dbd5006ab2e,oid_train_pen00092.jpg
0656060745f6eaae,oid_train_mug00166.jpg
066457c0e6f12fd9,oid_train_pen00093.jpg
0665cd6767d4c327,oid_train_scissors00023.jpg
0678e5b1c1867f9e,oid_train_lamp00162.jpg
067a26a1baa48d81,oid_train_calculator00012.jpg
0695d3cb2b7cd048,oid_train_lamp00163.jpg
06a4c775e393c4ab,oid_train_mug00167.jpg
06a98f5f8af719b6,oid_train_calculator00013.jpg
06aa064adb14b126,oid_train_lamp00164.jpg
06bc833b6794cb6d,oid_train_ruler00019.jpg
06c2c17f30837fdd,oid_train_lamp00165.jpg
06d17aeb4f19e2b5,oid_train_lamp00166.jpg
06d2979140449ef1,oid_train_lamp00167.jpg
06d36fda6b788843,oid_train_lamp00168.jpg
06d5a787afa5d816,oid_train_mug00168.jpg
06df37ffe757758a,oid_train_calculator00014.jpg
06e777babb5c3c44,oid_train_ruler00020.jpg
06ea98ba054a2da9,oid_train_pen00094.jpg
06fdddca6bacc478,oid_train_mug00169.jpg
0700a399f9f00e33,oid_train_pen00095.jpg
07027d684315862a,oid_train_mug00170.jpg
0707d708745a4f57,oid_train_pen00096.jpg
070cd165f4f744eb,oid_train_pen00097.jpg
0724cbe89391edbe,oid_train_lamp00169.jpg
0729e3cb5953e65b,oid_train_scissors00024.jpg
07334266774b5d73,oid_train_pen00098.jpg
0736ba9dbf3119c1,oid_train_pen00099.jpg
073bba3eb971a975,oid_train_mug00171.jpg
074636cc00cf5f28,oid_train_ruler00021.jpg
074819fa2cf3fedf,oid_train_mug00172.jpg
074be6f1f8999bd8,oid_train_mug00173.jpg
074d33404e4e35f8,oid_train_pen00100.jpg
07581608f95d9daf,oid_train_calculator00015.jpg
075a2300bae4df62,oid_train_ruler00022.jpg
0768b633ac1fe074,oid_train_pen00101.jpg
07702501e9fe8d19,oid_train_lamp00170.jpg
0771c8cd42711fdf,oid_train_scissors00025.jpg
0775b60dff65ac5c,oid_train_mug00174.jpg
07768c32eba1c792,oid_train_mug00175.jpg
077fd9f464f99749,oid_train_scissors00026.jpg
0780439e5a8f1c50,oid_train_mug00176.jpg
078bfcf1afb210ae,oid_train_mug00177.jpg
078d6928d2217dbc,oid_train_mug00178.jpg
078f5b3c3da7c7fc,oid_train_ruler00023.jpg
07aa572a1aef403e,oid_train_mug00179.jpg
07b38ece2d57b407,oid_train_mug00180.jpg
07b9e2ddf01b2dd8,oid_train_mug00181.jpg
07ce2ba2ddf6ee7d,oid_train_pen00102.jpg
07d9e8f6d3a3737c,oid_train_lamp00171.jpg
07e3682936c1ec56,oid_train_calculator00016.jpg
07e670b79bfd96b7,oid_train_pen00103.jpg
08006f8876757131,oid_train_pen00104.jpg
080e79ba10d2da03,oid_train_lamp00172.jpg
08179c5835ad684e,oid_train_pen00105.jpg
0825b356069cb6c0,oid_train_mug00182.jpg
082c0e4ef4072759,oid_train_lamp00173.jpg
082ea75dd36544be,oid_train_mug00183.jpg
082f733d22da2563,oid_train_pen00106.jpg
083513c358698eb3,oid_train_scissors00027.jpg
0837ddd01f08a6ce,oid_train_mug00184.jpg
083d993436d990f9,oid_train_mug00185.jpg
083ead1336ec4762,oid_train_pen00107.jpg
084daf65d81f9ad7,oid_train_lamp00174.jpg
085651fcef5972b7,oid_train_lamp00175.jpg
08572599241f0d8a,oid_train_mug00186.jpg
085d2b28f25b25a2,oid_train_lamp00176.jpg
085e00cca29a39a5,oid_train_pen00108.jpg
085ffad47ecac629,oid_train_mug00187.jpg
0872c3df6b711f98,oid_train_ruler00024.jpg
08753603377df6c6,oid_train_mug00188.jpg
087e97ad87fedde9,oid_train_mug00189.jpg
087fd0a0a5dfd058,oid_train_pen00109.jpg
08805ba114716d92,oid_train_mug00190.jpg
0896ed49f92e5e75,oid_train_lamp00177.jpg
08a52b29e48f5228,oid_train_ruler00025.jpg
08b7ed953ae93d10,oid_train_ruler00026.jpg
08bb9a41a8e4f1aa,oid_train_mug00191.jpg
08ce7402ddcc9913,oid_train_mug00192.jpg
08d01c1a40fe8a63,oid_train_pen00110.jpg
08d2bf9067fd29c3,oid_train_lamp00178.jpg
08d3325e1bbae4ac,oid_train_mug00193.jpg
08d41fdfd6b79b29,oid_train_mug00194.jpg
08db344c4b299a4e,oid_train_lamp00179.jpg
08e53815e6def1e4,oid_train_mug00195.jpg
08f11d6f91478a09,oid_train_lamp00180.jpg
0906380c8a305b44,oid_train_lamp00181.jpg
09073ab349d21636,oid_train_scissors00028.jpg
090c5d9e7dc31ad8,oid_train_mug00196.jpg
091fa59f3cf70356,oid_train_lamp00182.jpg
092bbf8aca1bb2d6,oid_train_pen00111.jpg
09377382ec04a847,oid_train_pen00112.jpg
093b38cd43294a55,oid_train_ruler00027.jpg
094357e73e6b12ee,oid_train_pen00113.jpg
094d77a14ad06764,oid_train_lamp00183.jpg
0957a5617f614d03,oid_train_calculator00017.jpg
09589710c6076912,oid_train_pen00114.jpg
0958ffdc354f567f,oid_train_mug00197.jpg
0959604a69fbd9e6,oid_train_calculator00018.jpg
095c67cb7e5a4503,oid_train_pen00115.jpg
0966cd7468e3e2ee,oid_train_mug00198.jpg
0978433136545d87,oid_train_mug00199.jpg
097a5a3300bf39b8,oid_train_lamp00184.jpg
0982f1b26b5c8840,oid_train_pen00116.jpg
098580ec53a26525,oid_train_lamp00185.jpg
098ff74b5e20d29b,oid_train_mug00200.jpg
0991fe82b147db16,oid_train_lamp00186.jpg
09a2d5e9de3e6356,oid_train_scissors00029.jpg
09a52438911ca335,oid_train_lamp00187.jpg
09b983e3e5b3192b,oid_train_pen00117.jpg
09bab459641be8a3,oid_train_scissors00030.jpg
09d882dbcb050fa8,oid_train_lamp00188.jpg
09d988c270d7c52b,oid_train_lamp00189.jpg
09df60b8316739b7,oid_train_pen00118.jpg
09e8cd442b6cf712,oid_train_pen00119.jpg
09eb3d65c99c327c,oid_train_lamp00190.jpg
09ed05726bd3c3c2,oid_train_calculator00019.jpg
09ef77bbc79ffdc8,oid_train_lamp00191.jpg
09efb319e1545828,oid_train_lamp00192.jpg
09f11d6d7905e639,oid_train_pen00120.jpg
09f67542c4ac4b71,oid_train_scissors00031.jpg
09fa10ea7fb8f9a3,oid_train_pen00121.jpg
0a0631ed0d5462bb,oid_train_pen00122.jpg
0a0ae8692ca8d485,oid_train_lamp00193.jpg
0a0bc057df2248de,oid_train_pen00123.jpg
0a0e456f16813329,oid_train_lamp00194.jpg
0a123e37d5ebbcb5,oid_train_scissors00032.jpg
0a162f2e9496a02c,oid_train_scissors00033.jpg
0a17d193c76fc55f,oid_train_pen00124.jpg
0a257b1b5ae073e8,oid_train_lamp00195.jpg
0a2d60b6476dd3b6,oid_train_pen00125.jpg
0a3d5d739283b58d,oid_train_lamp00196.jpg
0a495bd0e6b9e7da,oid_train_lamp00197.jpg
0a4bf13cbba1c10a,oid_train_lamp00198.jpg
0a572077a87d26dd,oid_train_pen00126.jpg
0a592ba9e040f36e,oid_train_ruler00028.jpg
0a5eba0d5ded7adb,oid_train_pen00127.jpg
0a60804b4ad7e329,oid_train_scissors00034.jpg
0a7708eb4bfd68c8,oid_train_lamp00199.jpg
0a78fde3462ea7ca,oid_train_lamp00200.jpg
0a7b3fdc6d59b5f4,oid_train_scissors00035.jpg
0a7bcba01651ba11,oid_train_pen00128.jpg
0a7ec11b28a9c966,oid_train_pen00129.jpg
0a9610643fdb51ba,oid_train_ruler00029.jpg
0a9b7cebed38e2c7,oid_train_pen00130.jpg
0aaa49dbd6d6afa5,oid_train_scissors00036.jpg
0abc2ffe7cb78100,oid_train_pen00131.jpg
0ae16d1f7c52557d,oid_train_pen00132.jpg
0ae16f68a3adaf1b,oid_train_pen00133.jpg
0aef70543892e48a,oid_train_pen00134.jpg
0af49a2ffcd4cc5d,oid_train_pen00135.jpg
0b01c6dc12f1acc0,oid_train_pen00136.jpg
0b07a6323c64c43c,oid_train_scissors00037.jpg
0b3249bd785a9cab,oid_train_pen00137.jpg
0b4255556b0db23f,oid_train_calculator00020.jpg
0b72f8ee6559e334,oid_train_pen00138.jpg
0b89c12289f7a7fe,oid_train_pen00139.jpg
0bb899e83e6180e5,oid_train_calculator00021.jpg
0bc1e4fec4f8d0b1,oid_train_scissors00038.jpg
0bc6b1a6c911f519,oid_train_ruler00030.jpg
0bca42aeb326f8ae,oid_train_scissors00039.jpg
0bd6d99b4f0bbadb,oid_train_pen00140.jpg
0c03c641795ebf12,oid_train_ruler00031.jpg
0c27bf22d0a5b4ef,oid_train_ruler00032.jpg
0c2d970321549b54,oid_train_scissors00040.jpg
0c3325faaed3bc97,oid_train_pen00141.jpg
0c334bb4e67f9448,oid_train_calculator00022.jpg
0c346a0299f3e857,oid_train_calculator00023.jpg
0c53666a50fad4c3,oid_train_ruler00033.jpg
0c97be6bbea7c9d9,oid_train_ruler00034.jpg
0cafd4acef2dd00d,oid_train_pen00142.jpg
0ce89b06c1c4cdb9,oid_train_pen00143.jpg
0cf649919fc046e9,oid_train_pen00144.jpg
0d172c1e8520f60f,oid_train_ruler00035.jpg
0d2bd2191a2a9bc9,oid_train_pen00145.jpg
0d503cbb74f34868,oid_train_pen00146.jpg
0d5b09fcc17cd61b,oid_train_pen00147.jpg
0d62a3e9fc8631dd,oid_train_pen00148.jpg
0d705c2cabdfdc69,oid_train_ruler00036.jpg
0daa0862f572499f,oid_train_pen00149.jpg
0dd140604185a054,oid_train_ruler00037.jpg
0dd3535587794996,oid_train_ruler00038.jpg
0dd54210eb6bec4a,oid_train_pen00150.jpg
0de4c054929885c4,oid_train_pen00151.jpg
0deb6bc11c886b5c,oid_train_pen00152.jpg
0decadab1592294a,oid_train_pen00153.jpg
0ded849413cd1dfc,oid_train_pen00154.jpg
0deed6bb65576e04,oid_train_pen00155.jpg
0e0c31ad3aeeaaed,oid_train_pen00156.jpg
0e103c097290e5c0,oid_train_pen00157.jpg
0e1aca42d65d9b9a,oid_train_pen00158.jpg
0e2c837ca7c5c9ea,oid_train_pen00159.jpg
0e4df5697ddbebad,oid_train_pen00160.jpg
0e59d271704c073a,oid_train_pen00161.jpg
0e6eea59f5d794de,oid_train_pen00162.jpg
0eeb9c5e24a47b05,oid_train_pen00163.jpg
0f0980d661aae782,oid_train_pen00164.jpg
0f1d3aa38e80541e,oid_train_pen00165.jpg
0f2117e6c0d09358,oid_train_pen00166.jpg
0f4154270d8a6f3e,oid_train_pen00167.jpg
0f5002d5adc1b9e0,oid_train_scissors00041.jpg
0f7f16468c061ff3,oid_train_scissors00042.jpg
0faa2acec61d832e,oid_train_scissors00043.jpg
0fb354867535a3c9,oid_train_ruler00039.jpg
0fb40ef9362489de,oid_train_pen00168.jpg
0fb49958c0e4c36f,oid_train_pen00169.jpg
102b50f06b79b1fc,oid_train_scissors00044.jpg
10363c77886466e4,oid_train_calculator00024.jpg
1043fee73c6d2851,oid_train_ruler00040.jpg
104aa955760aaf05,oid_train_ruler00041.jpg
1058d41dc3e91158,oid_train_pen00170.jpg
1059c021a80005e8,oid_train_pen00171.jpg
1064788b2bd43f7a,oid_train_scissors00045.jpg
106766f97ac83201,oid_train_pen00172.jpg
106828a294e2af0b,oid_train_pen00173.jpg
106a436bd468042b,oid_train_pen00174.jpg
10831925755a724d,oid_train_ruler00042.jpg
10e84a90ae7b1f8e,oid_train_scissors00046.jpg
110d49aa3a59a7eb,oid_train_pen00175.jpg
1121d4176822178a,oid_train_scissors00047.jpg
112f8766c5222ab7,oid_train_pen00176.jpg
113c2964de90903e,oid_train_pen00177.jpg
115f64b76556c065,oid_train_pen00178.jpg
118e4ca2d99ea08c,oid_train_calculator00025.jpg
118e56e1893b428a,oid_train_scissors00048.jpg
11f0cad063791de2,oid_train_pen00179.jpg
120976f448a5b8f1,oid_train_pen00180.jpg
120e8d493a4e876e,oid_train_pen00181.jpg
121628f423c17de2,oid_train_ruler00043.jpg
121ae33899e0f618,oid_train_pen00182.jpg
1228f91ba60aa5af,oid_train_pen00183.jpg
122ed8c968bdb7e7,oid_train_pen00184.jpg
125cb7a09487f04c,oid_train_pen00185.jpg
1265ba4ef817e293,oid_train_pen00186.jpg
127351f91ea23acf,oid_train_pen00187.jpg
127f891a35f3fcf7,oid_train_pen00188.jpg
12a775700effdacf,oid_train_scissors00049.jpg
12d9211a022ff5ed,oid_train_pen00189.jpg
12f0cf20f039f67a,oid_train_calculator00026.jpg
12f9ffba29168e64,oid_train_scissors00050.jpg
1312d5730caddc05,oid_train_ruler00044.jpg
131ccb3e931ec983,oid_train_pen00190.jpg
131dfed8223091ed,oid_train_pen00191.jpg
1333be3355e53ce2,oid_train_pen00192.jpg
137cc3e2e8bc913f,oid_train_pen00193.jpg
13b59d70b5cd62d2,oid_train_scissors00051.jpg
13b971633b61b3ba,oid_train_scissors00052.jpg
13caf7f7325b515b,oid_train_calculator00027.jpg
13d1450b580377e8,oid_train_pen00194.jpg
13fd6e91164b315f,oid_train_pen00195.jpg
1409961a28ec7db5,oid_train_ruler00045.jpg
1414186db97b8374,oid_train_pen00196.jpg
1418cbfa90aabc18,oid_train_scissors00053.jpg
1421addf7d9de54f,oid_train_ruler00046.jpg
143cfe6995fca437,oid_train_pen00197.jpg
143f78f4150ae63d,oid_train_calculator00028.jpg
1487a29116bc47a7,oid_train_pen00198.jpg
149d68a5fe1bdbf8,oid_train_ruler00047.jpg
14c5f727e39027b4,oid_train_pen00199.jpg
14f27a983b8e68a8,oid_train_pen00200.jpg
154074901523e1f7,oid_train_ruler00048.jpg
1544dd5bd731cf38,oid_train_scissors00054.jpg
1573d877be3b0d89,oid_train_ruler00049.jpg
15f323f8ec9a4e59,oid_train_ruler00050.jpg
1637a30b355958f0,oid_train_scissors00055.jpg
164739581849ec40,oid_train_scissors00056.jpg
1761c8c15a6f45bc,oid_train_scissors00057.jpg
17845ab345137fff,oid_train_scissors00058.jpg
17899ccd938cb415,oid_train_scissors00059.jpg
17d1bb72153db9dd,oid_train_scissors00060.jpg
1863d4e334a4c0dd,oid_train_ruler00051.jpg
1877c29175da9b4b,oid_train_calculator00029.jpg
189bbc521b52af13,oid_train_calculator00030.jpg
18eea6a5f2d7ff06,oid_train_ruler00052.jpg
190cb5424dc07d56,oid_train_calculator00031.jpg
1976c4db345c539e,oid_train_scissors00061.jpg
1992a44f1ecbd74b,oid_train_scissors00062.jpg
1a0250a5b3bdd47f,oid_train_scissors00063.jpg
1aab886e1f7bb3c9,oid_train_ruler00053.jpg
1b544d976644223c,oid_train_ruler00054.jpg
1b6a192ae0c7d65f,oid_train_ruler00055.jpg
1bb85f4bddce0ecc,oid_train_calculator00032.jpg
1c0c373bb2ab44aa,oid_train_scissors00064.jpg
1c203ee248268031,oid_train_scissors00065.jpg
1c5606677a46ffa5,oid_train_scissors00066.jpg
1d0d9297944aea8b,oid_train_ruler00056.jpg
1d31bc5e0b845ba9,oid_train_ruler00057.jpg
1debd7f981425527,oid_train_scissors00067.jpg
1e4df2a47bb5b651,oid_train_calculator00033.jpg
1e974a26a7699e2c,oid_train_ruler00058.jpg
1ea41776c82ee778,oid_train_calculator00034.jpg
1ebe4a29eb38d473,oid_train_ruler00059.jpg
1ebff0c4a4859a68,oid_train_ruler00060.jpg
1efd9cb048bc134c,oid_train_ruler00061.jpg
1f2064019028fe3f,oid_train_scissors00068.jpg
1f3c2eca54382679,oid_train_ruler00062.jpg
1f5879ea1a939444,oid_train_scissors00069.jpg
1fdb9ba87ce6506d,oid_train_ruler00063.jpg
1fe2bcaa49b8d54e,oid_train_ruler00064.jpg
20562a4d1d0cea4b,oid_train_ruler00065.jpg
205d83216b44e24d,oid_train_scissors00070.jpg
2082f1cfde105fa6,oid_train_scissors00071.jpg
208e7a96c4ba0f68,oid_train_ruler00066.jpg
20b7f2b2e07804c3,oid_train_scissors00072.jpg
20ecdd1be9c7202f,oid_train_calculator00035.jpg
20fe395448007dfd,oid_train_calculator00036.jpg
2112d352b15a2074,oid_train_calculator00037.jpg
212ba9f71380c759,oid_train_ruler00067.jpg
2179b26f8512759d,oid_train_scissors00073.jpg
218b8d9693a0561a,oid_train_scissors00074.jpg
21ec48fddab2fba2,oid_train_calculator00038.jpg
21ecb4b8f11c0678,oid_train_calculator00039.jpg
22155dc392f06ef2,oid_train_ruler00068.jpg
227fc93628313e30,oid_train_scissors00075.jpg
22caecd7dc6be579,oid_train_scissors00076.jpg
22ea90b7cbfc3b00,oid_train_ruler00069.jpg
2317b1c8836aa3b7,oid_train_ruler00070.jpg
231f0d814150fb4f,oid_train_ruler00071.jpg
2397520628eabfce,oid_train_scissors00077.jpg
23b25470bf6f9300,oid_train_ruler00072.jpg
23de66ad78278ab8,oid_train_ruler00073.jpg
23f4b52c7dd9a73f,oid_train_calculator00040.jpg
241cd9f3b36cf58a,oid_train_scissors00078.jpg
2429c36cd49ddd03,oid_train_ruler00074.jpg
24479ab9bc2dbeaf,oid_train_ruler00075.jpg
248c5b47e87b923f,oid_train_calculator00041.jpg
253c1627edc7f6bb,oid_train_scissors00079.jpg
25883059699c31e7,oid_train_calculator00042.jpg
25a57dee6bafd2d5,oid_train_scissors00080.jpg
262d9f1512a7bae0,oid_train_calculator00043.jpg
26c850516ac577f7,oid_train_ruler00076.jpg
26fb5c43bd996f94,oid_train_scissors00081.jpg
2770bfdb92c7020b,oid_train_calculator00044.jpg
278d6c297f9c0a74,oid_train_scissors00082.jpg
27c7745539285c0e,oid_train_ruler00077.jpg
27cbe36c9c756d6a,oid_train_ruler00078.jpg
27f428ad7357ac40,oid_train_calculator00045.jpg
28429e3df3abbe28,oid_train_calculator00046.jpg
2977aaf374b49f04,oid_train_ruler00079.jpg
29fa74057214c669,oid_train_ruler00080.jpg
29fa8e1cf22d4d63,oid_train_ruler00081.jpg
2a8a7aec962dcb95,oid_train_scissors00083.jpg
2ab4e89c6ce71335,oid_train_scissors00084.jpg
2ad739a75e52ab28,oid_train_scissors00085.jpg
2b1186a7d72d5d4b,oid_train_scissors00086.jpg
2b1e106c488c0c13,oid_train_scissors00087.jpg
2b461aac16c17b46,oid_train_ruler00082.jpg
2be1807ca019c4b1,oid_train_scissors00088.jpg
2c11ab9c97b18bde,oid_train_scissors00089.jpg
2c23d1d4d1a12c5d,oid_train_scissors00090.jpg
2c37bd4acea3d8ea,oid_train_ruler00083.jpg
2cb8208be5057de7,oid_train_scissors00091.jpg
2d8df721bd2973aa,oid_train_ruler00084.jpg
2e1158b1df77fa3e,oid_train_ruler00085.jpg
2e5f8a9e00e2903e,oid_train_ruler00086.jpg
2e710a497218e37d,oid_train_scissors00092.jpg
2f3bb6c0f70529ba,oid_train_ruler00087.jpg
2f76dace25e545a9,oid_train_scissors00093.jpg
2f76e1aa2e500034,oid_train_calculator00047.jpg
305f40ad661fab11,oid_train_scissors00094.jpg
3066a7125fc32da4,oid_train_ruler00088.jpg
3075b98c216185cc,oid_train_ruler00089.jpg
30d2e377244d82ee,oid_train_calculator00048.jpg
312572abb8552929,oid_train_ruler00090.jpg
3226d6ca06a35124,oid_train_ruler00091.jpg
32393791f12ab19a,oid_train_ruler00092.jpg
326460cce95af6b2,oid_train_ruler00093.jpg
32bfc62c253ecbff,oid_train_scissors00095.jpg
330699ef79132ebe,oid_train_calculator00049.jpg
333e3ee486abcf4a,oid_train_scissors00096.jpg
33ab1264075bb427,oid_train_ruler00094.jpg
33cdfae58a2fbd4a,oid_train_calculator00050.jpg
348e2cae032740c6,oid_train_scissors00097.jpg
351a4da9d9488bc3,oid_train_ruler00095.jpg
363738fd19dee9a9,oid_train_scissors00098.jpg
3847d1be455bb093,oid_train_calculator00051.jpg
38bef054bbe43596,oid_train_ruler00096.jpg
3950ccb5589f85dd,oid_train_calculator00052.jpg
3967214812604b5d,oid_train_ruler00097.jpg
39c1340854f9dfe8,oid_train_scissors00099.jpg
3a4bcf32be2650c4,oid_train_scissors00100.jpg
3a7d55dcfcd7d9a3,oid_train_ruler00098.jpg
3abd5ac8ddc726d7,oid_train_scissors00101.jpg
3af2f2235dfeee4a,oid_train_ruler00099.jpg
3b50d00ead86270b,oid_train_ruler00100.jpg
3c359c1372df2c00,oid_train_ruler00101.jpg
3c4f4c84e7b9d1f3,oid_train_scissors00102.jpg
3c9adb41e21abcca,oid_train_ruler00102.jpg
3d56e52176e1afc7,oid_train_ruler00103.jpg
3d8d4ecd1b90f548,oid_train_ruler00104.jpg
3dcdaa9bf7ec94d5,oid_train_scissors00103.jpg
3ddaada9a575044d,oid_train_scissors00104.jpg
3de965143f1f5734,oid_train_ruler00105.jpg
3e3d48572cd5d62f,oid_train_calculator00053.jpg
3ea12db3e96c24e6,oid_train_scissors00105.jpg
3edce628240b386f,oid_train_calculator00054.jpg
3fda8c429ceee5ad,oid_train_scissors00106.jpg
403f5d18b9108bb6,oid_train_calculator00055.jpg
40bd0301e9cad2c9,oid_train_calculator00056.jpg
40da16b1fc2c0a65,oid_train_scissors00107.jpg
40f7ec6d79de4949,oid_train_calculator00057.jpg
412a0decef9f552c,oid_train_calculator00058.jpg
4166772334f67e2a,oid_train_calculator00059.jpg
41ae549f458daa18,oid_train_ruler00106.jpg
41cb220ede313d68,oid_train_ruler00107.jpg
41d47fe742a40446,oid_train_calculator00060.jpg
425240d2aa223cc7,oid_train_calculator00061.jpg
42ac4dcd9896be11,oid_train_scissors00108.jpg
42b627d053171f67,oid_train_calculator00062.jpg
43b1d79183edac80,oid_train_scissors00109.jpg
43e76e7fefc42267,oid_train_calculator00063.jpg
43fc576ea93f73eb,oid_train_calculator00064.jpg
440fca74dc365c03,oid_train_calculator00065.jpg
443494f9baa72d89,oid_train_calculator00066.jpg
447e5d2d629a0b8f,oid_train_ruler00108.jpg
44b647f196182f4e,oid_train_scissors00110.jpg
454faea5eb51ab91,oid_train_scissors00111.jpg
458e812751dc30d6,oid_train_calculator00067.jpg
46e20763ac423f25,oid_train_ruler00109.jpg
46e6968d8ff8605e,oid_train_calculator00068.jpg
4778e222f3c76fcf,oid_train_scissors00112.jpg
477dca802605bf05,oid_train_calculator00069.jpg
480ec190231e5d16,oid_train_scissors00113.jpg
48139b284a0a0e7e,oid_train_ruler00110.jpg
48d4d658f8bcb358,oid_train_calculator00070.jpg
49579c9c68a7fab2,oid_train_scissors00114.jpg
495a4f542786f8b5,oid_train_scissors00115.jpg
49e882c711318c9f,oid_train_scissors00116.jpg
4a87c10fe0fa8fc9,oid_train_ruler00111.jpg
4ae93ee6d4430a78,oid_train_calculator00071.jpg
4b22127d607fd8e3,oid_train_ruler00112.jpg
4ba4b7553d27e454,oid_train_scissors00117.jpg
4bd7af4418e185e0,oid_train_calculator00072.jpg
4beebd071d43f0b6,oid_train_scissors00118.jpg
4c1bc1df2da1e82b,oid_train_scissors00119.jpg
4c49db2791b103ba,oid_train_scissors00120.jpg
4cf439d71969bf08,oid_train_scissors00121.jpg
4d32a01888089c78,oid_train_scissors00122.jpg
4d5e9e90b498f7c4,oid_train_calculator00073.jpg
4da30e5269c0e0ba,oid_train_scissors00123.jpg
4de553816e4fe58b,oid_train_calculator00074.jpg
4eae00b8dbb27e46,oid_train_scissors00124.jpg
4edf280ec87a1e26,oid_train_scissors00125.jpg
4f0fcf3780f6964d,oid_train_ruler00113.jpg
4f60ed496e41c410,oid_train_ruler00114.jpg
4fbb3f0552e74902,oid_train_scissors00126.jpg
4fdb23994bcce1d4,oid_train_scissors00127.jpg
5062b9c36659e7fc,oid_train_calculator00075.jpg
5095984c0c422e37,oid_train_scissors00128.jpg
50d7d2bc917f9b18,oid_train_scissors00129.jpg
51351fb3a7057c8f,oid_train_ruler00115.jpg
5202f24d9b0bd082,oid_train_scissors00130.jpg
520694db63f5915b,oid_train_ruler00116.jpg
5251debd9deb1e83,oid_train_calculator00076.jpg
527eed62e3e3f895,oid_train_ruler00117.jpg
537db472a69658b4,oid_train_scissors00131.jpg
5384c83bcc0cd7b7,oid_train_scissors00132.jpg
53c7fc9d8d9a2ab5,oid_train_calculator00077.jpg
543583d2cad2e699,oid_train_scissors00133.jpg
5483fa8be14fe118,oid_train_scissors00134.jpg
553568a6708ead5a,oid_train_ruler00118.jpg
553c8d4e8f86aa8c,oid_train_scissors00135.jpg
556b2b6aad13464f,oid_train_calculator00078.jpg
55720524117c0fc4,oid_train_ruler00119.jpg
5594ed8311513006,oid_train_ruler00120.jpg
574d7455ce4bff11,oid_train_scissors00136.jpg
577b4bb6c273b401,oid_train_scissors00137.jpg
57adaf213bc58dda,oid_train_scissors00138.jpg
5830c76d773a2306,oid_train_calculator00079.jpg
58503a8b2c2eb121,oid_train_scissors00139.jpg
587d965669dea9e1,oid_train_scissors00140.jpg
5903de3b856ef381,oid_train_scissors00141.jpg
598878a0ff0c734b,oid_train_ruler00121.jpg
5a5fc223bff36cf1,oid_train_scissors00142.jpg
5a71eb1661d3246e,oid_train_scissors00143.jpg
5adf80d62f661055,oid_train_calculator00080.jpg
5b058f4a6fe974ec,oid_train_ruler00122.jpg
5b0f8cbc9ee003a8,oid_train_ruler00123.jpg
5b62c48c3bf480fa,oid_train_ruler00124.jpg
5b75809b473e473b,oid_train_scissors00144.jpg
5ce9d07a617d14b5,oid_train_ruler00125.jpg
5db8215110a5e096,oid_train_scissors00145.jpg
5e1c1bdffb62628d,oid_train_scissors00146.jpg
5e1d9e0ca6a12172,oid_train_calculator00081.jpg
5e20edfd4836b87f,oid_train_calculator00082.jpg
5e24506f38d4187c,oid_train_scissors00147.jpg
5e55b14f52983054,oid_train_ruler00126.jpg
60544003eb011846,oid_train_scissors00148.jpg
60be6885dd2c27b0,oid_train_calculator00083.jpg
61094a53abc8a9a7,oid_train_scissors00149.jpg
61715b8521ae5d6a,oid_train_ruler00127.jpg
618784462768305f,oid_train_ruler00128.jpg
61b6d079a140d062,oid_train_calculator00084.jpg
62c9cf319d97ae2c,oid_train_scissors00150.jpg
63b1e7bf1914bc1d,oid_train_calculator00085.jpg
63ded148cdec81de,oid_train_scissors00151.jpg
64037f58cfe3ea9d,oid_train_scissors00152.jpg
6479ee405101640c,oid_train_ruler00129.jpg
64ab395d71084cbc,oid_train_calculator00086.jpg
64c22d67fd6e2b2c,oid_train_scissors00153.jpg
65076f66e3675007,oid_train_scissors00154.jpg
661a749a93e28153,oid_train_calculator00087.jpg
6684f496cc5a4c4c,oid_train_ruler00130.jpg
6890262a8a37e13b,oid_train_ruler00131.jpg
68b008cbf32803e0,oid_train_scissors00155.jpg
68d508b5baadbe55,oid_train_ruler00132.jpg
691ce05e04acac98,oid_train_calculator00088.jpg
696ddb438a8a6304,oid_train_calculator00089.jpg
69a404e72ffff62c,oid_train_ruler00133.jpg
69cdca515778e64e,oid_train_ruler00134.jpg
69da81928dd40c4b,oid_train_calculator00090.jpg
69fff80981062026,oid_train_scissors00156.jpg
6a4f63e5c330cad3,oid_train_ruler00135.jpg
6a64d32eed499bd3,oid_train_scissors00157.jpg
6ae2c0c761192696,oid_train_calculator00091.jpg
6af6a20ff7f3cc39,oid_train_ruler00136.jpg
6b3ba71c3019d9a8,oid_train_scissors00158.jpg
6b451ecfc577f813,oid_train_calculator00092.jpg
6bfe4e53638ad709,oid_train_scissors00159.jpg
6c2d1c8b7a73e18d,oid_train_scissors00160.jpg
6c46742fc3adf193,oid_train_ruler00137.jpg
6cacbe6548132e7f,oid_train_calculator00093.jpg
6cc2cc6c64009923,oid_train_calculator00094.jpg
6d194d305bc1c898,oid_train_calculator00095.jpg
6d26c480b87b90ab,oid_train_scissors00161.jpg
6d2a8286db4115d1,oid_train_scissors00162.jpg
6d7f3ac6edde9675,oid_train_scissors00163.jpg
6d90245e2fab7792,oid_train_ruler00138.jpg
6dcc8b2833109eed,oid_train_calculator00096.jpg
6e3f65e6c469be18,oid_train_ruler00139.jpg
6ec166ede1fb2d64,oid_train_scissors00164.jpg
6ef1704170db933a,oid_train_ruler00140.jpg
6f36823b7d9d70a0,oid_train_ruler00141.jpg
6fe345b106b20990,oid_train_scissors00165.jpg
7037ea6657fd616a,oid_train_scissors00166.jpg
71701f92f836227d,oid_train_calculator00097.jpg
726ead95ca987059,oid_train_calculator00098.jpg
72bea1b162b06919,oid_train_scissors00167.jpg
72e9d5ed219990e7,oid_train_scissors00168.jpg
73456f34501811ed,oid_train_scissors00169.jpg
737ba81e2278a613,oid_train_scissors00170.jpg
73f3d636da54a5e9,oid_train_calculator00099.jpg
740cacf57a45beb0,oid_train_scissors00171.jpg
74fd0d0f3873b0d6,oid_train_ruler00142.jpg
756c0233d5e81f22,oid_train_scissors00172.jpg
758eb843a2786673,oid_train_scissors00173.jpg
75d06f42cc2aa4fa,oid_train_calculator00100.jpg
76484cb76b96f957,oid_train_scissors00174.jpg
7726981a7bedda65,oid_train_ruler00143.jpg
77601f77b9ed0111,oid_train_scissors00175.jpg
78773180b7580290,oid_train_ruler00144.jpg
7880ef6a779f6fc8,oid_train_ruler00145.jpg
7885efd38b1bf40d,oid_train_ruler00146.jpg
7993922619fb8ff6,oid_train_scissors00176.jpg
79ce2616c29af167,oid_train_ruler00147.jpg
7a397727de21ac0a,oid_train_calculator00101.jpg
7a3e8fc834413fd6,oid_train_calculator00102.jpg
7b293ed2dc46b513,oid_train_ruler00148.jpg
7bec9718d26f8e79,oid_train_ruler00149.jpg
7c59b8dec2fe0606,oid_train_scissors00177.jpg
7d4b210c53390247,oid_train_ruler00150.jpg
7d9d0c75ed48acd7,oid_train_scissors00178.jpg
7eb99084c09fb442,oid_train_scissors00179.jpg
7f9c26f293e468ca,oid_train_ruler00151.jpg
814da080434991e5,oid_train_ruler00152.jpg
815c60dd718f4af7,oid_train_scissors00180.jpg
81efe217cbd9efc9,oid_train_calculator00103.jpg
84d25be819c55bc6,oid_train_calculator00104.jpg
84e348f1fe51003e,oid_train_ruler00153.jpg
84f71ac02199f62b,oid_train_calculator00105.jpg
85343eff8c0ed9a1,oid_train_scissors00181.jpg
85370d41e92afc77,oid_train_scissors00182.jpg
869dda5c6105ed60,oid_train_calculator00106.jpg
8901f9f5d7949ea7,oid_train_ruler00154.jpg
89218e029c5e271d,oid_train_scissors00183.jpg
8a4fed9a4139092c,oid_train_ruler00155.jpg
8a9adb15cb39bb2d,oid_train_calculator00107.jpg
8b8d79e6d415a1ce,oid_train_ruler00156.jpg
8bb1a6a6194b643a,oid_train_scissors00184.jpg
8bb4a30d4024ff9f,oid_train_ruler00157.jpg
8c48baf8904eeca4,oid_train_ruler00158.jpg
8c4ba4a539baaa6b,oid_train_scissors00185.jpg
8c6ae657a1d53b0e,oid_train_scissors00186.jpg
8cafea6fa54c28c0,oid_train_ruler00159.jpg
8d0a2358288afee5,oid_train_scissors00187.jpg
8d0d595aec540909,oid_train_scissors00188.jpg
8d61bcdb3bf8b010,oid_train_ruler00160.jpg
8dab137dec4cab4e,oid_train_ruler00161.jpg
8e8a88dd5b2886d8,oid_train_ruler00162.jpg
8efc8a6294551669,oid_train_scissors00189.jpg
92839e8182b79c40,oid_train_ruler00163.jpg
92bdf5fd13c7d6a6,oid_train_scissors00190.jpg
92d4145a0661d59f,oid_train_ruler00164.jpg
92e0b64b52e6eb2a,oid_train_scissors00191.jpg
932a6a869574cdf2,oid_train_ruler00165.jpg
9380fbdf671c30b3,oid_train_scissors00192.jpg
9399c126c8107f00,oid_train_calculator00108.jpg
93bb45ee02ace1ba,oid_train_calculator00109.jpg
93c56b102008673b,oid_train_scissors00193.jpg
94924cc2b463dad5,oid_train_calculator00110.jpg
95a48514f4657a04,oid_train_scissors00194.jpg
95de4e9ff58be1da,oid_train_ruler00166.jpg
9651e51a195b3192,oid_train_ruler00167.jpg
965428ac5e285d8e,oid_train_calculator00111.jpg
9656cf0ff4214ff6,oid_train_calculator00112.jpg
9703917fce44e1fe,oid_train_scissors00195.jpg
97738f9404b4e66f,oid_train_scissors00196.jpg
9784ca505160fdda,oid_train_scissors00197.jpg
9832b37bbb096754,oid_train_calculator00113.jpg
98ce9461a3fbf532,oid_train_ruler00168.jpg
992d6d546109aad7,oid_train_calculator00114.jpg
997f29ff1ccd8b59,oid_train_calculator00115.jpg
99e02544e62c1e55,oid_train_scissors00198.jpg
99e98d02841f8cc2,oid_train_scissors00199.jpg
9a142bed18e28a0d,oid_train_ruler00169.jpg
9a2d5a0b6eefa05e,oid_train_scissors00200.jpg
9a7256feb3af0479,oid_train_ruler00170.jpg
9a8f76f1817e2011,oid_train_ruler00171.jpg
9dad3c04a9756a24,oid_train_ruler00172.jpg
9e1a74655b8bc9d0,oid_train_ruler00173.jpg
9fb2f1ebc91a5821,oid_train_ruler00174.jpg
a1056a4de45ab9b6,oid_train_ruler00175.jpg
a135d8917da47cb6,oid_train_ruler00176.jpg
a321ff34b6edbd6d,oid_train_calculator00116.jpg
a4be08fe232dc80c,oid_train_calculator00117.jpg
a602f514c806198e,oid_train_calculator00118.jpg
a62b6803a2ed9ae6,oid_train_calculator00119.jpg
a6730039b7260fbc,oid_train_ruler00177.jpg
a68104832a40538d,oid_train_calculator00120.jpg
a6f11b421cd58ca3,oid_train_calculator00121.jpg
a71830ba9152382d,oid_train_ruler00178.jpg
a7bfe4cdc8ee8068,oid_train_ruler00179.jpg
a928d751ef00ab0e,oid_train_ruler00180.jpg
a99f6a46e8757a15,oid_train_calculator00122.jpg
a9e853a20d913531,oid_train_ruler00181.jpg
ab89902aca7023c3,oid_train_calculator00123.jpg
ab8b4a22168b0502,oid_train_ruler00182.jpg
abef292b8174d017,oid_train_ruler00183.jpg
acee0cd1f569a23e,oid_train_calculator00124.jpg
adb17fbb4752e35f,oid_train_calculator00125.jpg
ae39d96e85d51b0a,oid_train_ruler00184.jpg
ae4b36f9b441b96d,oid_train_ruler00185.jpg
af040fd98a4088eb,oid_train_ruler00186.jpg
af19ae4b7a01a6d4,oid_train_calculator00126.jpg
af6af2e056182ad8,oid_train_ruler00187.jpg
b17198e762430762,oid_train_calculator00127.jpg
b194c1d4d687fd6e,oid_train_calculator00128.jpg
b1daf7d2bbe2cc8a,oid_train_ruler00188.jpg
b267e6b72d5d13dc,oid_train_ruler00189.jpg
b290d43d5a2aacc7,oid_train_calculator00129.jpg
b2ae0f96dfbea5d8,oid_train_ruler00190.jpg
b347422c94fd4145,oid_train_ruler00191.jpg
b34b68e7a0e1578f,oid_train_calculator00130.jpg
b38cdb7ae9b41000,oid_train_calculator00131.jpg
b3d2f168f5e40b1d,oid_train_calculator00132.jpg
b4b5101e8b33bf72,oid_train_calculator00133.jpg
b559df8828acc026,oid_train_calculator00134.jpg
b69524060ba3c54d,oid_train_ruler00192.jpg
b71f4fa6ec41c5a2,oid_train_ruler00193.jpg
b74c33e86e5976e2,oid_train_calculator00135.jpg
b7e75b64289d2edc,oid_train_ruler00194.jpg
b7e9b47da8d37bd6,oid_train_ruler00195.jpg
b83aae87273b7da9,oid_train_ruler00196.jpg
b8439958d2dcc04d,oid_train_calculator00136.jpg
b975a12b717d49ce,oid_train_calculator00137.jpg
bab27086ac2767b4,oid_train_calculator00138.jpg
bb33ad2d767dedc1,oid_train_ruler00197.jpg
bd51dfabca00292b,oid_train_calculator00139.jpg
bd745cbc3664fa97,oid_train_ruler00198.jpg
bda9ea7a71ff7170,oid_train_calculator00140.jpg
bdbfae49210475d4,oid_train_ruler00199.jpg
befe796eddaaf93e,oid_train_ruler00200.jpg
bf3807ebfa7657b8,oid_train_calculator00141.jpg
c173b2a85d9ccf38,oid_train_calculator00142.jpg
c5207ef8da13d6fe,oid_train_calculator00143.jpg
c8d0d82f9b341f8a,oid_train_calculator00144.jpg
ccee92f48785f2c5,oid_train_calculator00145.jpg
ce01bb8c63e7a172,oid_train_calculator00146.jpg
cee9e91a15c494bd,oid_train_calculator00147.jpg
d0df1d4e58eb599b,oid_train_calculator00148.jpg
d21a50d35275d722,oid_train_calculator00149.jpg
d4cf81ba109bdd4a,oid_train_calculator00150.jpg
d645c8476aa74a50,oid_train_calculator00151.jpg
db4a19279c88afdd,oid_train_calculator00152.jpg
dc02d3c9646b4378,oid_train_calculator00153.jpg
e199e1574f74c4ac,oid_train_calculator00154.jpg
e23144626feb87bc,oid_train_calculator00155.jpg
e4677b5004822d5c,oid_train_calculator00156.jpg
e526d3a10bc4c156,oid_train_calculator00157.jpg
e7c0f5361203ec60,oid_train_calculator00158.jpg
e8267b569871ff53,oid_train_calculator00159.jpg
e862a001f5ea4d75,oid_train_calculator00160.jpg
ed126ab9b5ebd42b,oid_train_calculator00161.jpg
ed25836fdf23f34e,oid_train_calculator00162.jpg
ed654cc68042b34e,oid_train_calculator00163.jpg
ed856fb6cb8fb72f,oid_train_calculator00164.jpg
f0562f864075bb34,oid_train_calculator00165.jpg
f1c1b40d540b676a,oid_train_calculator00166.jpg
f795808609ec89c8,oid_train_calculator00167.jpg
f7addc78bcc2b07a,oid_train_calculator00168.jpg
f8574802017f1d1a,oid_train_calculator00169.jpg
fb00994ee6aa5c23,oid_train_calculator00170.jpg
fb5aa440538d9b2a,oid_train_calculator00171.jpg
